[
  {
    "drug_id": "D001",
    "name": "Paracetamol",
    "brand_names": ["Crocin", "Calpol", "Dolo", "Paracetamol"],
    "category": "Analgesic",
    "schedule": "H",
    "is_generic": true,
    "price": 10.00
  },
  {
    "drug_id": "D002",
    "name": "Amoxicillin",
    "brand_names": ["Amoxil", "Mox", "Amoxycillin"],
    "category": "Antibiotic",
    "schedule": "H",
    "is_generic": true,
    "price": 40.00
  },
  {
    "drug_id": "D003",
    "name": "Metformin",
    "brand_names": ["Glycomet", "Metformin"],
    "category": "Antidiabetic",
    "schedule": "H",
    "is_generic": true,
    "price": 40.00
  },
  {
    "drug_id": "D004",
    "name": "Insulin",
    "brand_names": ["Humalog", "Lantus", "Novolog", "Insulin"],
    "category": "Antidiabetic",
    "schedule": "H",
    "is_generic": false,
    "price": 400.00
  },
  {
    "drug_id": "D005",
    "name": "Morphine",
    "brand_names": ["Morphine"],
    "category": "Narcotic",
    "schedule": "X",
    "is_generic": false,
    "price": 500.00
  },
  {
    "drug_id": "D006",
    "name": "Omeprazole",
    "brand_names": ["Omez", "Omeprazole"],
    "category": "Antacid",
    "schedule": "H",
    "is_generic": true,
    "price": 20.00
  },
  {
    "drug_id": "D007",
    "name": "Atorvastatin",
    "brand_names": ["Atorva", "Lipitor"],
    "category": "Cardiovascular",
    "schedule": "H",
    "is_generic": true,
    "price": 30.00
  },
  {
    "drug_id": "D008",
    "name": "Amlodipine",
    "brand_names": ["Amlodipine", "Amlo"],
    "category": "Cardiovascular",
    "schedule": "H",
    "is_generic": true,
    "price": 20.00
  }
]

